id_delito,nombre_delito,idd
0,Rb_Fuerza,1.0
1,Rb_Violencia_o_Intimidación,0.8808054513436949
2,Hurtos,0.8439457162544981
3,Rb_Sorpresa,0.6002373478294158
4,Rb_Acce_Vehìculo,0.578585100681418
5,Lesiones,0.5665932930097235
6,Les_Leves,0.5089388255110634
7,Rb_Vehìculo,0.4420660745731567
8,Rb_Lug_No_Habitado,0.4201324554015772
9,Rb_Lug_Habitado,0.3962962254038741
10,Les_graves,0.35321950846030165
11,Otros_Rb_Fuerza,0.34518030778654
12,Violación,0.3113754689533726
13,Homicidio,0.29999999999999993
